variable,coefficient,std_error,t_statistic,p_value
survived_to_2015,0.3111750095377779,0.027678089817203294,11.242647581278073,2.517178884372039e-29
camel_roa,-7.627149980991586e-15,2.798515368683235e-15,-2.7254272270015556,0.00642183313756034
camel_npl_ratio,-0.0026738840482821995,0.0008062549780356908,-3.316424854574769,0.0009117710383155521
camel_tier1_capital_ratio,-0.725487245802239,0.42344459038030074,-1.713299124097134,0.08665752345945459
state_ownership_pct,-0.0033081147126236238,0.000705683879275192,-4.687813920336949,2.761389233553877e-06
foreign_ownership_total_pct,-0.0003185782664898174,0.00012705949835213043,-2.507315632609498,0.0121652026824393
rw_page_rank_4q_lag,-0.005516299497439886,0.005908472699502463,-0.9336252832147975,0.35049721865408756
rw_out_degree_4q_lag,0.03672517217474564,0.053822231415051755,0.682342058461649,0.4950226843172364
