covariate,coef,exp(coef),se(coef),coef lower 95%,coef upper 95%,exp(coef) lower 95%,exp(coef) upper 95%,cmp to,z,p,-log2(p)
family_connection_ratio,-0.01841174490739048,0.9817567157983442,0.00441772534832065,-0.02707032748368862,-0.00975316233109234,0.9732927898845444,0.9902942455060064,0.0,-4.167697956684768,3.076912701976216e-05,14.988156962261169
family_ownership_pct,-0.005532940972325911,0.9944823375541929,0.002203012485492263,-0.009850766101382816,-0.0012151158432690068,0.9901975937708115,0.9987856221110569,0.0,-2.511534096498584,0.01202076728469882,6.378327203667334
state_ownership_pct,-0.010161981254538622,0.9898894772227679,0.005001406949447155,-0.019964558747483385,-0.0003594037615938586,0.9802334133910647,0.9996406608162013,0.0,-2.031824516031815,0.04217142436492654,4.567590439452143
foreign_ownership_total_pct,-0.0015635881657647126,0.9984376336013482,0.008985417922614331,-0.019174683680129513,0.01604750734860009,0.9810079811901147,1.0161769601324682,0.0,-0.1740139612014599,0.8618544901755281,0.2144837801234005
camel_npl_ratio,0.018442701370299328,1.0186138183214368,0.003605473999171714,0.011376102184727172,0.025509300555871486,1.0114410561090006,1.0258374470845686,0.0,5.115194666370128,3.134175541551601e-07,21.605410678455407
camel_tier1_capital_ratio,0.018929140280088002,1.0191094322498935,0.003533796235644825,0.012003026929520927,0.02585525363065508,1.0120753523422026,1.026192400098619,0.0,5.35660208394385,8.48015964086369e-08,23.49133333500447
crisis_2004,-0.33273734498923485,0.7169584821650732,0.25287552521390266,-0.8283642669801344,0.16288957700166473,0.4367631302073033,1.1769067249437215,0.0,-1.3158147460406797,0.1882362286868574,2.4093837733204184
foreign_ownership_total_pct_x_crisis_2004,-0.00591602510485475,0.9941014401131368,0.06254309231735768,-0.12849823352863954,0.11666618331893004,0.87941511587866,1.123744242498747,0.0,-0.09459118322508762,0.9246395532012927,0.11303701699137335
