covariate,coef,exp(coef),se(coef),coef lower 95%,coef upper 95%,exp(coef) lower 95%,exp(coef) upper 95%,cmp to,z,p,-log2(p)
family_connection_ratio,-0.018411771498687,0.9817566896921606,0.004417725479983082,-0.02707035433303876,-0.009753188664335234,0.9732927637522658,0.9902942194283476,0.0,-4.167703851701874,3.076833152741498e-05,14.98819426158719
family_ownership_pct,-0.005532937416737171,0.9944823410901631,0.0022030123706747867,-0.009850762320755956,-0.001215112512718385,0.9901975975143792,0.998785625437563,0.0,-2.5115326134289577,0.012020817795037506,6.378321141586578
state_ownership_pct,-0.010152985631119266,0.9898983819357834,0.005003527015095435,-0.01995971837637952,-0.00034625288585901463,0.9802381580960371,0.9996538070527533,0.0,-2.0291657465799875,0.04244141114921039,4.5583835640564025
foreign_ownership_total_pct,-0.001597458209511893,0.9984038170477065,0.008975716101446827,-0.019189538503803935,0.015994622084780148,0.9809934085977677,1.0161232207668662,0.0,-0.17797557225037378,0.8587421599702294,0.21970307222148874
camel_npl_ratio,0.01844276429591335,1.0186138824183388,0.0036054755608112676,0.011376162049583912,0.025509366542242787,1.0114411166587762,1.0258375147758616,0.0,5.115209903617693,3.133922538887597e-07,21.605527143030212
camel_tier1_capital_ratio,0.01892917689258247,1.0191094695620326,0.0035338016535954317,0.012003052923027335,0.025855300862137602,1.0120753786495902,1.0261924485672083,0.0,5.356604231967339,8.480058871053649e-08,23.49135047866392
crisis_2004,-0.3328172118477115,0.7169012232300205,0.2528746480645318,-0.8284424146574352,0.1628079909620121,0.4367289995167815,1.1768107097017977,0.0,-1.3161351459905104,0.18812868644909395,2.410208242611207
state_ownership_pct_x_crisis_2004,-0.002444371214269259,0.9975586138283679,0.03268490016000339,-0.06650559836616335,0.06161685593762484,0.935657677687385,1.0635547719575897,0.0,-0.07478594709799491,0.9403850230950647,0.08867653258564366
