covariate,coef,exp(coef),se(coef),coef lower 95%,coef upper 95%,exp(coef) lower 95%,exp(coef) upper 95%,cmp to,z,p,-log2(p)
family_connection_ratio,-0.11274503547550654,0.8933784108823222,0.022687473964106596,-0.15721166734534564,-0.06827840360566745,0.854523165023829,0.9340004082959728,0.0,-4.969483850598715,6.713136143126009e-07,20.506509763489966
camel_roa,-0.06259429822229348,0.939324482008225,0.008031478707828542,-0.07833570723223772,-0.046852889212349244,0.9246539614115968,0.9542277644634057,0.0,-7.7936206394073855,6.511585188510475e-15,47.12591262566267
camel_npl_ratio,0.11224812007004496,1.1187904205670443,0.01811117374875207,0.07675087180474363,0.1477453683353463,1.0797730409728534,1.159217685250629,0.0,6.197727525957797,5.728419584945744e-10,30.701143780476983
camel_tier1_capital_ratio,0.10259446028692615,1.1080419629283162,0.021117471588920335,0.061204976528094465,0.14398394404575782,1.0631168058469158,1.154865565907372,0.0,4.85827386365488,1.1841354883059756e-06,19.687734406326907
rw_out_degree_4q_lag,-0.04718800408115772,0.9539080421261509,0.023354916155523552,-0.09296279860793655,-0.0014132095543788956,0.9112273985933187,0.9985877885560083,0.0,-2.0204741377329896,0.04333423012400466,4.528349115845556
