covariate,coef,exp(coef),se(coef),coef lower 95%,coef upper 95%,exp(coef) lower 95%,exp(coef) upper 95%,cmp to,z,p,-log2(p)
family_connection_ratio,-0.01635033328138442,0.9837826078875481,0.0034966822766940653,-0.02320370460908431,-0.009496961953684532,0.9770634311757014,0.9905479917690059,0.0,-4.675956231528941,2.925870113451616e-06,18.382702843196526
family_ownership_pct,-0.005053366305392401,0.9949593804697024,0.0017454414991845807,-0.008474368780915778,-0.0016323638298690242,0.9915614374657009,0.9983689677513274,0.0,-2.8951794189339406,0.0037894187245264875,8.04380772058188
state_ownership_pct,-0.006342220080729671,0.9936778493463907,0.004136478570894272,-0.014449569102504157,0.0017651289410448136,0.9856543249112342,1.001766687698135,0.0,-1.533241372348881,0.12521639395441925,2.9975046354252255
foreign_ownership_total_pct,-0.0006723721278205033,0.9993278538636656,0.007846480081639929,-0.016051190493245666,0.01470644623760466,0.9840769433817693,1.0148151180901457,0.0,-0.08569092393336915,0.9317121172417989,0.10204383870459058
rw_page_rank_4q_lag,0.010194375998617885,1.0102465156761578,0.0037705422900402887,0.0028042489079537405,0.017584503089282028,1.0028081844918484,1.0177400206929739,0.0,2.7036896060139286,0.0068574312509103565,7.188116031236785
rw_out_degree_4q_lag,-0.042754428003684605,0.9581466551654603,0.011292414225769367,-0.06488715318470033,-0.020621702822668887,0.9371732144230885,0.9795894704159848,0.0,-3.7861193495823686,0.00015301820229252644,12.674009100519122
camel_npl_ratio,0.01493765509548932,1.015049779461412,0.0032160888090287175,0.008634236858710719,0.02124107333226792,1.008671619394208,1.0214682707177372,0.0,4.644664989832977,3.406287379637042e-06,18.16336841273188
camel_tier1_capital_ratio,0.009188797377912141,1.0092311439819464,0.003865042154901506,0.0016134539555761086,0.016764140800248174,1.001614756272725,1.0169054475329362,0.0,2.3774119426509337,0.017434605197031775,5.84190249481602
