covariate,coef,exp(coef),se(coef),coef lower 95%,coef upper 95%,exp(coef) lower 95%,exp(coef) upper 95%,cmp to,z,p,-log2(p)
family_connection_ratio,-0.03240978715858852,0.9681097818262299,0.024235577872391494,-0.07991064693299171,0.015091072615814681,0.9231988333485674,1.0152055178277752,0.0,-1.337281385623937,0.18113080471989512,2.464896170149096
stake_fragmentation_index,-0.03448768708612288,0.9661002351222494,0.02476273662827381,-0.08302175903619036,0.014046384863944592,0.9203311214840756,1.0141454988484981,0.0,-1.39272519042767,0.16370290807029197,2.610848144356152
group_total_capital,-0.03979550867491001,0.9609859323477602,0.024277489305403754,-0.0873785133485577,0.007787495998737681,0.9163301867750967,1.0078178974114225,0.0,-1.6391937475203504,0.10117291559055318,3.305104968619333
group_sector_count,0.019641613072702593,1.0198357787133896,0.025592029785893606,-0.030517843598925187,0.06980106974433037,0.9699431246367013,1.07229484814742,0.0,0.7674894581253223,0.44279055857635763,1.1753036343764902
epu_index,0.027208163709934563,1.0275816857173423,0.024028799898697616,-0.019887418683232468,0.07430374610310159,0.9803090315761132,1.0771339310462233,0.0,1.1323147150353219,0.25750214579087033,1.957343640420831
camel_roa,-0.0628875347375549,0.9390490781516283,0.008546436220331617,-0.07963824192557349,-0.04613682754953631,0.9234503515894732,0.9549112950789579,0.0,-7.358334294702635,1.8621922755819808e-13,42.288063191408455
