covariate,coef,exp(coef),se(coef),coef lower 95%,coef upper 95%,exp(coef) lower 95%,exp(coef) upper 95%,cmp to,z,p,-log2(p)
family_connection_ratio,-0.018415976254736517,0.9817525616534591,0.004417853131296466,-0.027074809281065093,-0.009757143228407941,0.9732884277932471,0.9902903032541495,0.0,-4.168535192869156,3.065634321832854e-05,14.993454856220831
family_ownership_pct,-0.005538040704314775,0.9944772659737356,0.002202935137050485,-0.009855714233211535,-0.001220367175418016,0.9901926941547031,0.9987803771697811,0.0,-2.5139372517929286,0.011939167428409081,6.3881539552478115
state_ownership_pct,-0.01017015217878841,0.9898813889438782,0.005000926302071971,-0.019971787620188548,-0.00036851673738827126,0.9802263274341099,0.9996315511565644,0.0,-2.0336536802341474,0.04198652542874023,4.573929786077467
foreign_ownership_total_pct,-0.0016059805321720865,0.9983953083644894,0.008973662625627897,-0.019194036087815905,0.01598207502347173,0.9809889965074192,1.0161104714865017,0.0,-0.17896600297692986,0.8579643963697285,0.22101031458280532
camel_npl_ratio,0.018400554755228764,1.0185708881016187,0.003603861204567321,0.01133711658899568,0.02546399292146185,1.0114016252455038,1.0257909698694467,0.0,5.105788960992445,3.294171739596357e-07,21.53358089317724
camel_tier1_capital_ratio,0.018944450654834535,1.0191250353166532,0.0035307931638263834,0.012024223216874593,0.025864678092794476,1.0120968048095502,1.026202071455615,0.0,5.36549431694948,8.072782219147606e-08,23.56235878670992
