variable,coefficient,std_error,t_statistic,p_value
const,0.15815956885648658,0.0688551492499928,2.296989703446226,0.02161935711921045
survived_to_2015,0.16251077673424497,0.07073928229240414,2.2973201235276752,0.021600514653488674
camel_roa,2.930004638856129e-16,6.312105189356798e-16,0.46418818301643294,0.6425129267896399
camel_npl_ratio,-0.0027230345145545084,0.0008030898074662875,-3.390697390551576,0.0006971503100875992
camel_tier1_capital_ratio,-0.7759286928332729,0.4249480692889367,-1.8259376825305507,0.06785964925128367
state_ownership_pct,-0.0033980281758698235,0.0007199146193249873,-4.7200433004901505,2.3579444426446285e-06
foreign_ownership_total_pct,-0.0003288050013810857,0.00013175371144202134,-2.495603332781843,0.012574312556409718
rw_page_rank_4q_lag,-0.005603530528208787,0.005950224509815895,-0.9417343024561212,0.3463286882677854
rw_out_degree_4q_lag,0.035985808003551625,0.05598734921612395,0.6427489157351992,0.5203870352276538
