covariate,coef,exp(coef),se(coef),coef lower 95%,coef upper 95%,exp(coef) lower 95%,exp(coef) upper 95%,cmp to,z,p,-log2(p)
family_connection_ratio,-0.01841171567855751,0.9817567444939477,0.0044177265685918015,-0.027070300646543158,-0.009753130710571864,0.9732928160049449,0.9902942768196262,0.0,-4.167690189215682,3.077017521657414e-05,14.988107815511443
family_ownership_pct,-0.005532915550807937,0.9944823628354439,0.0022030128057585452,-0.009850741307575218,-0.0012150897940406543,0.9901976183215805,0.9987856481286521,0.0,-2.511522191947874,0.01202117273481845,6.3782785436277125
state_ownership_pct,-0.010162002839589812,0.9898894558559531,0.005001407603911549,-0.019964581615261216,-0.0003594240639184093,0.9802333909753052,0.9996406405211724,0.0,-2.031828565950557,0.04217101422384691,4.567604470549929
foreign_ownership_total_pct,-0.0015974452010691558,0.9984038300353856,0.008975723822268175,-0.019189540627892975,0.01599465022575466,0.9809934065140503,1.0161232493615646,0.0,-0.17797396986591768,0.8587434183990094,0.21970095805065315
camel_npl_ratio,0.01844284284735308,1.018613962431929,0.003605480766469647,0.011376230398120704,0.025509455296585458,1.011441185789299,1.0258376058234,0.0,5.115224304860632,3.133683435556815e-07,21.605637217974664
camel_tier1_capital_ratio,0.01892945902326907,1.0191097570841277,0.003533802414567241,0.012003333562236596,0.025855584484301544,1.0120756626776641,1.0261927396181727,0.0,5.35668291618031,8.476368372835662e-08,23.491978472224712
crisis_2004,-0.33295404541852514,0.7168031337868427,0.25287173785144074,-0.828573544315403,0.16266545347835265,0.43667173514706087,1.1766429820185182,0.0,-1.3166914114147934,0.18794208365560322,2.411639946259985
