year,cutoff_year,n_obs,survivor_pct,coef,se,t_stat,pval,sig,r_squared,formatted
2012,2012,741,99.71428571428571,-0.14343207481731546,0.41158155232912225,-0.34849004773328524,0.7274721867315217,,0.0176318650567987,-0.1434 (0.4116)
2014,2014,676,98.25608077099587,0.15728791643384815,0.05221213580638685,3.0124781146111994,0.0025912411982507095,**,0.029325891030518747,0.1573** (0.0522)
2016,2016,509,97.10055521283158,0.2484315117273993,0.05484276490426018,4.529886707227286,5.901532357462314e-06,***,0.035459270827638334,0.2484*** (0.0548)
2018,2018,406,97.65258215962442,0.19515821788995444,0.07209374554370074,2.707006223884654,0.006789298453619622,**,0.03821903786339842,0.1952** (0.0721)
2020,2020,333,83.67924528301887,0.0380436551922025,0.08400377924448203,0.4528802815106855,0.6506349504979156,,0.02357149747635623,0.0380 (0.0840)
