variable,coefficient,std_error,t_statistic,p_value
survived_status,0.2903594059750444,3.3658517518886104e-15,86266249192977.98,0.0
camel_roa,5.944586669555112e-18,1.756403726685067e-17,0.3384521781204925,0.7350256486507907
camel_npl_ratio,-1.1373673137358766e-17,1.3573142690341477e-18,-8.37954289352028,0.0
camel_tier1_capital_ratio,5.0303810136870094e-17,1.20417325828187e-16,0.41774561750893074,0.6761371417786801
state_ownership_pct,-0.00341161661884822,2.326364166516849e-17,-146650153400370.97,0.0
foreign_ownership_total_pct,-0.00032564833613102687,7.929528712933957e-17,-4106780464769.081,0.0
rw_page_rank_4q_lag,-1.9766336865652395e-17,5.233561697357297e-18,-3.7768422364512237,0.00015924202293660095
rw_out_degree_4q_lag,5.168829503785262e-18,3.8667926771587874e-18,1.3367226886296824,0.18132682350773943
