year,formatted,n_obs,r_squared,survivor_pct
2012,-0.1434 (0.4116),741,0.0176318650567987,99.71428571428571
2014,0.1573** (0.0522),676,0.029325891030518747,98.25608077099587
2016,0.2484*** (0.0548),509,0.035459270827638334,97.10055521283158
2018,0.1952** (0.0721),406,0.03821903786339842,97.65258215962442
2020,0.0380 (0.0840),333,0.02357149747635623,83.67924528301887
