covariate,coef,exp(coef),se(coef),coef lower 95%,coef upper 95%,exp(coef) lower 95%,exp(coef) upper 95%,cmp to,z,p,-log2(p)
family_connection_ratio,-0.018363401679290577,0.9818041782344291,0.004419480973713756,-0.027025425218129548,-0.009701378140451605,0.9733364939170602,0.9903455284198167,0.0,-4.155103684915185,3.25140064469688e-05,14.90857913541741
family_ownership_pct,-0.005523551526630463,0.9944916752359343,0.0022032124571280914,-0.009841768592891521,-0.0012053344603694055,0.9902065031221505,0.9987953916634413,0.0,-2.5070444335769895,0.01217454062357692,6.359988852998176
state_ownership_pct,-0.01016155827312572,0.9898898959277062,0.005001415335652656,-0.019964152202731233,-0.0003589643435202069,0.980233811899896,0.9996411000764713,0.0,-2.0317365367936784,0.04218033498160465,4.567285637213514
foreign_ownership_total_pct,-0.0015978436429129911,0.9984034322296018,0.008975538305330771,-0.019189575463220972,0.01599388817739499,0.9809933723408238,1.016122475026804,0.0,-0.17802204041221645,0.8587056664671738,0.21976438295836284
camel_npl_ratio,0.018441322414600166,1.0186124136990753,0.00360572789022547,0.011374225611706652,0.02550841921749368,1.0114391580677837,1.0258365429750556,0.0,5.114452054075276,3.1465299714186975e-07,21.599734979235407
camel_tier1_capital_ratio,0.01892872817691377,1.019109012271748,0.0035344359337528128,0.01200136104109406,0.02585609531273348,1.0120736663389904,1.0261932638267344,0.0,5.3555159951125555,8.531259899042062e-08,23.482665944181612
crisis_2004,-0.3262027157582763,0.7216588809756309,0.2530737880543071,-0.8222182257758411,0.16981279425928852,0.43945576043432905,1.1850829762164998,0.0,-1.288962868364212,0.19741099579387766,2.3407257447308987
family_connection_ratio_x_crisis_2004,-0.013914941856242072,0.9861814234567948,0.026974518568160688,-0.06678402675014397,0.03895414303765982,0.9353972002960597,1.0397228040274764,0.0,-0.515855058583568,0.6059556445356423,0.7227159014374327
