covariate,coef,exp(coef),se(coef),coef lower 95%,coef upper 95%,exp(coef) lower 95%,exp(coef) upper 95%,cmp to,z,p,-log2(p)
family_connection_ratio,-0.14840413114934198,0.8620826500818305,0.036438526943496516,-0.2198223316082875,-0.07698593069039643,0.8026613928535589,0.9259028803291428,0.0,-4.07272586456267,4.646610337876775e-05,14.393461808108402
camel_roa,-0.12021647202040935,0.8867284640373856,0.014518207119891663,-0.14867163509549,-0.0917613089453287,0.8618520704128886,0.9123228868701485,0.0,-8.280393786068705,1.2276862704362008e-16,52.85490758445463
camel_npl_ratio,0.06940761581531149,1.0718730325143004,0.030351160330496202,0.009920434678538134,0.12889479695208483,1.0099698053149788,1.1375704419926616,0.0,2.2868191877847974,0.022206379046969114,5.492882022322638
camel_tier1_capital_ratio,0.12541713107884414,1.1336212231002265,0.029012596489234814,0.06855348686195069,0.1822807752957376,1.0709579055967362,1.1999510632000043,0.0,4.322850977001677,1.5402577695182767e-05,15.986468661383006
rw_out_degree_4q_lag,-0.08509577607259049,0.9184243171148792,0.04037106482354825,-0.16422160914427691,-0.005969943000904046,0.848553953726607,0.9940478416999963,0.0,-2.1078407627968865,0.035044765590529305,4.834657215454041
